<?xml version="1.0" encoding="UTF-8"?>
<project-private xmlns="http://www.netbeans.org/ns/project-private/1">
    <editor-bookmarks xmlns="http://www.netbeans.org/ns/editor-bookmarks/2" lastBookmarkId="0"/>
    <open-files xmlns="http://www.netbeans.org/ns/projectui-open-files/2">
        <group>
            <file>file:/C:/Users/bisra/OneDrive/Desktop/Lab5/src/cs143/dataaccess/BST.java</file>
            <file>file:/C:/Users/bisra/OneDrive/Desktop/Lab5/src/cs143/dataaccess/IDataAccess.java</file>
            <file>file:/C:/Users/bisra/OneDrive/Desktop/Lab5/src/cs143/domain/Retiree.java</file>
            <file>file:/C:/Users/bisra/OneDrive/Desktop/Lab5/src/cs143/dataaccess/SsnAvl.java</file>
            <file>file:/C:/Users/bisra/OneDrive/Desktop/Lab5/src/cs143/ui/SsnMapApp.java</file>
            <file>file:/C:/Users/bisra/OneDrive/Desktop/Lab5/src/cs143/business/RetireeManager.java</file>
            <file>file:/C:/Users/bisra/OneDrive/Desktop/Lab5/src/cs143/dataaccess/DataAccessFileImpl.java</file>
            <file>file:/C:/Users/bisra/OneDrive/Desktop/Lab5/src/cs143/dataaccess/SsnMap.java</file>
        </group>
    </open-files>
</project-private>
